username,public_repos
307509256,459
AnbuKumar-maker,127
andrewcheny,65
bblwg2020,46
bobby20180331,141
Bvgo,15
Chomolungma,757
ClassNotDefined,33
Cobionix,2
DreamForTek,105
evsenin,14
ftsboss,1
GaryHalo,55
gilblankenship,65
gyuseokByeon,1749
ianqnap,5
isabella232,50000
JanetSe,32
jingcosmos,24
jmachuca77,166
Jordanresearch,326
land007,353
mailyupeng,440
msobreira27,22
neuroidss,623
OhHandsome,510
PacificHongyang,51
pguanhai,6
PiseyYou,178
robertdigital,2446
ruabliuqiu,28
seccouser,4
silenc3502,158
snapbuy,859
spatial-intelligence,61
stevengit,126
SunWei-1751206,12
todaysky1234,50
TuskAW,785
unitypetefromlondon,6
wenjoyu,39
wpf19911118,53
zhangjiwei-japan,140
AdamMiltonBarker,92
amirunpri2018,4223
Anoop14591,5
aria1991,223
avi33tbtt,55
jlopezalo,8
majedrifat,88
Nitin-Mane,382
richiejeremiah,32
Specktroman,5
Techspire,58
4vikt,13
AlexandreBarral,159
Bdjdsv74,1
Zvshda632,3
casimirrex,122
cloud-robotics,109
cozy884,1
fudekun,12
fukuta-tatsuya-intec,27
GertKanter,199
grandeep,125
hamkewl,18
higuchi-toshio-intec,10
horacezh,54
intfrr,2841
JobsLj,553
julian533,16
keshava,792
kfriesth,584
kustomzone,2938
lijian8,1665
MERNKARIN,2
ottonove,211
oxidation99,277
philipdongfei,252
qinchao1985,121
rdbox-bot,1
saud5182,6
sibafb,48
TaiAreerob,233
takasehideki,65
TsukuyomiH2,530
Tutorgaming,292
zhangfaquan,469
zs410612607,52
0xC4SE,190
5l1v3r1,50000
77clearlove,52
adamhos,17
add1ct3d,685
ankurhcu,302
asked637,173
avineshwar,1058
barcating,49
bedevilled00-tek,81
channelvison,26
chanyeol525,16
cn0xroot,401
cnxtech,3382
counterfeel,16
cve-reporting,2
derekchsantos,23
erdx,8
fabaff,237
faculty12000,81
FlaviuPopescu,199
gavz,5057
Gh0st0ne,2538
gnebbia,635
GuardianRG,523
Hackinfinity,386
henrydeng,309
hobama,156
hxlszxy,193
HyperSoftw,3
jarv-git,61
jermainlaforce,1284
korallin,1640
liyansong2018,32
ljh9248,123
LordCasser,110
MagicalSun,31
Metabob-Axel-Py,17
minkione,2837
mkopec3,7
modulexcite,14917
mpetka,141
n3m351d4,46
arukaminado,680
p0prxx,444
Papadope-zz,393
ph0eby,41
PHPPlay,610
poseidontrident,53
ProjectZeroDays,1230
qweraqq,71
r0secr01x,132
rain6851,246
rajivraj,2341
Riviera12345,407
salecharohit,88
satyendra22,69
scamanderoffl,19
sec99,332
slowmistio,1027
Sts0mrg0,5837
SunBiffin,94
sunkima,61
techris45,1235
thisisfalcon,744
Tim1512,765
timb-machine-mirrors,1320
Wasforyou,10
xsec-team,21
yongyh,8
yonichens,25
yqyunjie,414
Z3p5,10
ziqi521,442
1429837735,3
18476200657,3
2021-paper-fun,174
2mauis,122
3Driada,135
666DZY666,345
6edik,9
a850874651,24
aayn,124
abhidakram,8
abj456,9
aboerzel,27
abritten,21
abuelgasimsaadeldin,20
achew012,34
AdityaStark7,56
adrianstepienfsw,5
afondiel,41
ahestevenz,16
ahn-github,510
Ahrak,14
aiegoo,376
aileenZhang,9
airkims,1
aishraghavan,31
ajadeyemo,4
ajay7175,20
akatsuking-202,2
akilawickramasinghe,17
alangchild,2
alanyuchenhou,28
aldenpower,19
alessiomargan,26
Alexious-sh,51
alextien,28
AlexYim623,15
AlfredMadera,8
alfredv23,2
Allensmile,4512
AmaljithCf,138
AmazingTang,5
Amenhotep19,654
Amir22010,675
amostfa,30
Anancha,282
andromeida-maritime-solutions-pvt-ltd,10
Andy-LZH,21
Andychou007,34
andyle0302,71
AndyPorta,8
AnesonTso,9
anil-kk,90
anishmprasad,214
AnnoCheung,5
anoochit,364
anoopyear2020,105
AntaresKwok,6
AntHar,146
anthrax007,5
anu-bioinfo,577
AOE-khkhan,887
apple1987,101
april-feichen,31
ArghyaChatterjee,441
Aristkj,6
arizakevin,140
Arslan-Z,1216
ARughani-Intrepid,12
asabri97,32
ashu1447,20
Aslm,111
assassin65170,261
Av-nish,21
avatar196kc,92
avbdev,24
AVJdataminer,111
Aweozzz,4
AwokeKnowing,80
AXING620,113
ayazhassan,32
ayualy8,10
aziizz,76
b3540,578
BabarAli088,7
bactran1,8
BadLuckpk,1
balaprasanna,466
banisadr,34
baoyufuyou,177
barcesat,25
bartes1973,111
basameera,42
batermj,2385
bbaeten,6
beemsoft,17
bejerome,99
beosro,1854
betty21c,4
bezineb5,63
bfYSKUY,213
bgoh684,8
bhaskar-glitch,11
BhaskarTrivedi,24
bheemaiaha,27
BigtreeHsieh,54
BillyGareth,218
bir-robotic,15
biskumar,20
bitjockey42,99
BJohn5on,10
bkircher67,7
BlackBloodE,27
blensonpaul,43
BobAfwata,503
BobDeng1974,2193
bochuxt,741
bonifasius-baskoro,7
bramdvrepublic,8
brianchilders,22
brianlmerritt,20
brianrtapia,14
bromic007,73
Bryantding,11
c-FirstSecond-sharp,56
CactusWang,16
cadavidf,45
cagataysari,101
cagriy,27
cansakirt,53
Captluke2328,39
carabob,106
carmen-sc,20
carteras,91
cathayxzh,8
cavedunissin,53
cavonlee,29
ccszwg,704
Ceazer0123,15
cgioia145,5
chaiai,22
challenzhou,166
ChandanKSingh,155
channgo2203,436
Chen-Youhui,2
ChiangFamily,158
chitoku,43
chriszhang528,47
classicvalues,9121
cleardry,141
cloudanalytics,28
Cnys,1
Cognitive-Modeller,20
colabora001,9
cookie-gky,26
Cool-hand-Kyle,3
CosmosHua,828
cozzy133,20
cqcqwind,36
crisdeodates,204
cryzhou,19
CSTEZCAN,62
csvance,49
CullenDolan,30
cuulee,7040
cybermascot,83
d-h-k,315
dabberd,7
Daniel-1234567,75
danielsiwiec,98
danielwilczak101,27
Danigy,926
dashimaki360,33
dataGeeek,6
david987659,11
davidadkins1,76
davidbien,74
Davidgoyh,3
davidjun,5
davidRetana,12
oggata,162
davod0401,2
dbadb,62
DCCTT,104
dcoe7,5
ddpruitt,194
DeepLJoerg,3
DeepNeuralAI,21
dennis08,6
dennisliuu,62
dennisonlau,6
DerWidder,1
deskLEE,18
desvelado,2
DEVESHTARASIA,524
DevSeq,239
dewchae,4
dhdez192,12
dheng00,1
DhilipBinny,48
Dhiraj1107,10
dhjmackay,2
dingli125,21
DingoOz,23
dinngoman,110
dmccreary,129
dongf17,54
dongfo,219
dongst,4
donwardpeng,53
dormiy,9
DorothysDad,12
dotinoue,13
DouglasPearless,11
DPoPovski,2
dreadlord1984,1811
droidiyann,29
dsrc12,81
Du-Sen-Lin,23
ducat595,36
dude123studios,25
duozhang,32
Duy254,105
e1b16077,16
ebuehrle,28
EdSeymore,12
ejunear,2
Elives123,44
Embodimentgeniuslm3,548
Emmanuel-Ezenwere,89
EnesiMe,35
balu-lab,1
enginBozkurt,1124
engineerxuchang,7
ErickDiaz,88
EricRohlfs,102
EugenePig,85
evgenek11,10
FaBoPlatform,145
0884-sasaharadaisuke,1
katebrighteyes,45
naisy,40
FaizulHakim,4
fallrisk,57
fanxingrong,20
fastref,217
FatVoodoo,237
Fe1ky,49
feisuo,251
FelixLinSY,22
fengsiyu,464
FENGZHANG123,203
FerCabello14,5
FernandoALima,27
fernandozet,2
fieraloca,44
finemax,48
finger563,223
fitrialif,1496
fivefishstudios,277
fjp,119
fjpaxkm,3
flashypepo,23
Flavio58it,862
ForeverDavid,244
frank26080115,62
FrankGaoX,15
freddy2016,1
freedragon,81
fu11ji26,20
FuhaoSun,15
fuinha,1185
fvine,2
fyzfx,95
gangbanlau,174
GangShao,63
Gary0417,2
GavinGaogao,78
GengCauWong,280
geoc1234,28
george-hawkins,101
Gewoo1996,2
gezhengyy66,66
ghzxw,3
githubforever,2
gizmohd,63
glendaleonard,16
gogo000,91
greenfan,24
greennote-inc,6
gringer44,24
Guanguanok,4
guanliulong,160
guochaodlnu,138
guy9800,1
gztok,1
hailoclu,1
jonslo,47
hairong-wang,9
haiyang-20160824,26
Haiyang21,101
hankchan,22
hannaleeweb,61
haomen,34
HaooWang,66
haoyuzhang89,31
hape4e,3
happymili,10
harry201950,8
HasanFarag,125
Hatako,3
hebskjcc,199
heistera,68
hello-carry,2
hephaex,890
Herolin12,436
heyhey482,111
hikkikuma,82
hirotaka001,55
hitmeok,2
hlloydt2,2
hlyu368,171
HonestiCS,1
hongcheng79,15
HorusMaster,31
hotpoor,313
howard30814,4
HowellYu,67
HowieWang1,3
hrb518,130
huchunxu,18
huerli,9
huguensjean,231
huizhang2017,199
huoyo,58
huxinda,3
hx1520778196,32
hyuk199,12
hzp-hou,4
i-sahajmistry,21
IamKosta,65
iamsingularity,1745
iamyubin,82
icbob,1
icesleeping,23
Ich-bin-Schnappi,16
igakilab,102
igeeks,188
IkerAzur,3
immotors-hq,9
inderpreet-forks,106
IrenTang,236
isaackay,19
ishaadX,79
ismail-30,97
jacka654321,16
JackHanUTSA,23
Jackis007,65
JaideepAher,8
JamesRadtke-RedHat,8
jarvisenlaura,18
JasonYCY,3
Jatm1019,3
jaybdub,74
JayCao7788,27
jbasu2013,571
JCStarry,23
jdgalviss,49
JenniferKuo,54
JEONGHA-SHIN,27
jerickpmontero,22
jerwallace,86
JessieCaroline,5
jhezjkp,35
jhmwalters,76
jhonsmithy,43
Jianlong0430,9
jiaoly,20
jijaraba,22
Jimmy-INL,1448
JimmyKon,28
jimoyam,19
Jinny42,111
jinshengye-git,87
jlabonte1,1
jlboyer,71
jmikedupont2,116
joepfortunato,270
jogiji,105
joker-wutong,19
jokobaba,36
JonBlanco11,14
joradwen,1
joshnah,15
JoshSYoon,2
JoshWorld,177
journey175,24
joypillai,13
jpiat,45
jsabby,118
jspearus,35
jtclo,4
jtsc296,2
JuinanCheng,3
Juno119,343
jxlin,502
jxnuzhangwen,34
kaiyuryozin,106
kalinuxboy,1
karan-shah-25,1
karstenkelm,42
kasoarcat,12
KazumiAdachi,5
keep-steady,113
keitaro-jet,1
kensipe,240
JIMMY-KSU,441
KerronManwaring,54
kevinNT2018,185
kevinzjpeng,9
kevywilly,37
kfriendship,24
Khwan7662,2
KidMo0n,5
Kim-JM-SKKU,5
kimyeye,3
KINGdotNET,242
kitoborcom,62
kjdnl,21
kk2491,83
kkmonster,162
klsdjft,61
knbz,67
kobat7,1
krazers,28
kt-zhang,28
kuonanhong,1160
kyllix,19
kzt206,78
LABIRAS,20
lamapacos,18
Lanh99,4
lbaitemple,240
lbmcu,49
lchaves001,281
ldw-sh-cn,437
Ledx,62
leewenqing,59
lengkujiaai,31
Leo-xxx,861
Leonard-cpu,23
lghgithub,8
lhbzx1984,66
liamhan0905,20
LianQi-Kevin,53
lift-zpz,33
lilacbeauty,2
ling3ye,18
jimmylgq,1
nigel327,3
xiaoyandong08,22
lingxiaiq,14
littsk,11
liubob-0,3
liumarcus70s,114
liurongfang,22
liuwen-nj,162
liwei-cn,64
liwi163,39
lixinswitchpi,11
yfyf510,266
lmirel,87
logicraju,38
lohitslohit,24
LonelySqrt,32
LongerVisionRobot,302
Louque,5
lovingyuan,9
luaw2006,2
lubocsu,362
LuckySchwinning,1
lukase,6
lukaszwielgosz,44
lukewebdev,24
lupixi,40
LvFaith,46
lvyeshufang,107
lwzbuaa,430
m9122006,171
Mahlzeit2000,9
MaKaren,4
makezonefablab,77
malithgallage,4
manfermu86,2
maohaihua,107
marciopocebon,10258
MarcoVasquezE,35
mariapaskevich,13
markusbuchholz,614
martinshuck,26
masato-ka,85
mateusz-kosior,5
maxmar391,13
mbah360,92
mbencherif,1510
MCRIE,17
mcx,721
mdecourse,482
MDkontroller,19
me12b132,21
mechovation,9
mechwarriorbob,4
Mental812,24
merfnad,4
MetrixLambert,17
mfr78,136
mhar-vell,93
MiaoRain,134
MichaelNewham,83
michaleb,46
miguelangelcasanova,105
Milan-Chicago,333
millionwan,33
minai2020,39
misk,5
mkingopng,113
mkleung-dev,19
mksbala,2
mlaprise,47
mlghost,9
moecarsdog,6
moeinbaghery1,1
MoJoMoon,643
morristech,15153
mountain8848,7
mrbenye,1
MrYangzhi,41
msaunby,100
Mu23rad,3
Must-ah,17
mustang2247,1231
Mutsuto6210,31
MyGitHubSite,138
myhololens,1505
MyMX1213,3
Mythili-pixel,9
Naisars2001,6
NamWoo,313
nanotuxi,12
narendraraj,25
NCH-Dragonbolt,2
neaueema,58
neoengineer,17
Newbie-Tom,23
nghiajenius-dev,177
nickzherdev,40
NiteshDani,5
NLGRF,800
nlona,2
noahschochet,11
nosdivad0,5
noviceprogrammer-jay,8
NUELuno,21
numinousmuses,92
nv-cupright,1
NVIDA-JetBot,3
NVIDIA-Ken,6
objectbuild,122
ogis-yamagishi,2
ek-whipper,1
higobe1016,9
KAZUKI0520,1
Kozakai,5
n-nitta,4
twakaba3,1
okDreamWalker,14
oldfish007,33
OldJohn86,188
olzhas,102
opuscctv,14
Orangekostar,8
oreineke,20
OSSDC,535
owahlen,25
OwenLNUT,90
ownery,58
panda1100,103
pango3001,29
PappyMoelling,9
paulblum,7
pdx97,38
peggypan0411,145
peiswang,70
pengguoguo,150
perkinbr,4
peterseverens,4
PhilGlobal,81
philippsaul,28
phineco,83
PhoenixTreeember,125
pink0763,90
pitipon,295
pixel-perfect-metodology,241
piyapsri,607
pki1130,1
pmgumble,17
Poet-LiBai,243
pongrut,29
positronix-ai,3
ppolnik,4
Prakhar998,76
prakit340,45
Pranav-India,12
protonyjh,5
psnurhalim,2
puttareddy,84
pvbl,27
pyaekyaw1571999,25
Quant1766,136
Quasimodo-Frank,4
quilp007,7
r1b4z01d,41
r1cebank,136
Rahul24-06,134
Rakkame,3
ramona1313,10
ravish0007,369
RayAerohygenx,14
rayiik,811
Rayn-Wu,26
readcast,118
renatogn,3
resaP29,9
retired123,73
rhysdg,47
ricktorzynski,47
rifatafir,7
rikirolly,148
rivascf,75
rmwilliamsjr,15
robertchoi,200
RobinDanz,7
robopsi,302
rob-opsi,784
robotlinker,128
RobotMo,25
robottime,17
rockets-cn,67
rockwong66,14
Rou-Yi,25
RubinLiao,79
Russ76,994
ryanxie20091101,46
s013mmb,38
sai-prasanna,63
sakae-og,4
SakuraYanhuo,1
sam1226,17
SamedHira626,35
sametucuncu,1
samsafadi,18
sangyy,227
santaimpersonator,7
sathyankrishnan,22
savingtools,138
sciencemike,7
ScottMonaghan,20
selfEVO,408
senguptad,22
shadyorg,10
ShammiAnand,50
shannonrobot,16
shashanks1197,24
ShawYN,13
shdwdln,345
shengchun,76
ShinoharaTa,42
Siddhartha-Addictive,49
Sidney-Tan,11
silentwater,77
Silicon-Box,2
simplified-ai,8
sjhaiitd,5
skalldri,39
skarlsson,59
slylockfox,25
SnowMasaya,110
soerenbrockmann,67
solid013,42
SolidJoki,14
song-df,48
soony1234,10
sparkfun,1240
guolinlyu,4
Hoehlenbaer,3
specialwarheads,2
speed785,37
splendidsummer,42
sprenkle,47
sriharshakondapalli,63
SROX2018,5
SRSchmittling,7
ssghost,693
st02,5
star8vo,5
starbike,14
steffenteichmann,2
stevelin168,230
Stevengu999,648
stevenlix,10
storagejarett,26
strivezh,12
Stsuda-mcor,1
suddulavenkatanaresh,45
Suhuihui,27
sunday-chenlu,39
sunkwi,3
superryanguo,369
swanim,7
swastik1308,74
sxy641,2
syaffa,244
syou2020,58
szaipcljl,245
tabinfl,41
tachi0707,1
taeki404,4
taisirou,39
TakeoChan,10
Tan-Wongsathon,12
tannermcrae,10
TebogoNakampe,86
techmadot,5
thatting,93
the-code-chef,364
TheCaster,66
thecoderxman,91
TheMrGhostman,40
thenextsupersun,44
theoilie,49
thesammiller,43
thisisfranny,2
thiwankajayasiri,328
ThomasDerZweifler,498
THUrachel,42
tianhaoyue,231
tienhoangvan,687
TingliangZhang,134
Tiryoh,331
tjp1940,2
tkhan3,190
tlim00,1
tokk-nv,24
oscsalga,6
Tony0823,37
Toplizhuo,7
tranvietlong,8
trevorrobertsjr,117
trifygri,21
tritonAI,5
trungnhat-incoder,12
tspannhw,2463
tsuixc,8
tunedcoder,13
TurnerCrane,10
tutuxh,11
txracing,16
ugurcira,45
ujjwalk,242
unbug,282
urvashiba,10
USApp-io,340
vamsirajendra,454
varunkothamachu,61
vasanthkashyap,8
vbrichzin,17
venki666,19
Vernieface,12
versavel,25
VickyLeeLove,2
VijayRameshkumar,30
villesau,68
vineet019,228
viotemp1,93
vivicoco,682
vstoneofficial,36
vuinguyen911,78
vzhb,7
wanglanrixitroy,74
wangpuhk1,48
wangyf123,66
wangyingyu1969,16
Waratep,98
watcharabulsak,62
watershade,41
waveshare,61
alex4men,85
artint7,45
chywoo,74
deepaktalwardt,43
dtoebe,82
fiefdx,384
GKbytes,139
Haobot,85
he-in,30
HiroyasuNishiyama,0
HLX-GitHub,41
JamesKim-ai,129
moonseobHwang,11
openbsod,41
Rope-master,132
sibnick,56
tanzhiqiang89,81
teos0009,43
UnitoX,2
waduhekx,8
Yarpii,100
zsfarkas,31
WayneMao,32
waynewxm,5
whans,248
wharu,70
whmzsu,200
WhoseAI,8
guoxinSLXC,28
mtubpeng1,117
sangyuxiaowu,78
seemehowmuchiloveyou,90
whplh,16
whsair,15
WilliamXXie,2
WillWagnerIV,15
Wisit,53
wjyao,24
woodymax,113
woosaint,12
wrbell,22
wshusheng,82
wzhangNEU,203
xaviercallens,180
XDUxuyuting,19
xfyecn,996
xiangzheng666,40
xiaolai181,18
xiaomifenghb,3
xiaoni2009,276
XiaoqingWang,733
xiepan610,1
xiyaoxin,27
xlrobotics,67
xufangda,51
XuLei0314,33
XuTangle,353
xyu6,169
yadukrishnanaj,41
yanglipeng,16
Yango4you,18
yanlee0217,7
YaoHuangHowdy,26
yaohuic,43
yarhoslavme,59
yifenghuang,84
YikunShen,8
yildiraysabanci,59
YousefMohassab,70
YuanhuiHuang,29
yucnet,353
yueyedeai,1939
yuhouren,32
yuki0083,13
YukkyWorld777,5
yukofuji,1
YulinLi,20
yunhuakeji,2
YutingYao,469
yuvan257,27
yuyangd,36
yyajima21,33
yyang282,8
yyget,36
z14git,64
zephyrdaz,4
zeta1999,6280
zgsky,6
zhang123helmut,31
zhangk19,2
zhangtao7750,42
zhangwudisong,101
zhilin0,88
zhiwei2021,27
zhixuedu,9
zhj-buffer,150
ZhongYang514,15
zhounature,50
ZhouYunMing,127
zhujiwei0101,9
zihui0325,2
zshxie,90
ZuyongWu,46
zzjweb,4
15906185391,38
Aiden-Wei,113
andudu,382
arvind-india,1948
azuredsky,698
bhardwajRahul,864
umunusb1,641
borongyuan,203
chunyang-zhang,264
dahburj,606
DeepDriving,195
Gaurav047,67
gsiogkas,38
hyzcn,2181
jackcn2004,197
Jasionkit,200
kaiziwang,14
lqchien,173
muhammadfraz,44
pingzhenyu,79
rex-yue-wu,14
shayanrezvani,11
shuren007,38
tony109060581,280
ucrscholar,90
wanglianglin,154
wzb1005,328
zlheos,54
zr940326,359
01001HR,217
18901180429,2
473867143,89
4n0nym1ty,78
aakarsh,365
abhishekjay,18
akatrevorjay,368
akonneker,61
Allenhanbo,142
alongqiyue,76
Alpslee,65
amiremadz,135
andrewraharjo,114
Andrey-Kovinjonok,416
andyxieyong,177
animanathome,30
anitagold,98
AnkurAgarwal1989,43
arasharchor,2286
architectureofthings,259
ArduPilot,66
bradwhitenikki,34
GaryMatthews,222
junereo,74
KirillSleta,43
mtbsteve,21
2019-paper-fun,184
akrolic,15
Clemson-Autonomous-Systems,9
dlyshare,148
fmannan,60
gskachkov,117
hsy77101,26
Juggernaut91,2
pramodsandaruwan,43
ShreyAmbesh,16
sshyran,5729
SuhyungP,1
onexecute,80
uav360,84
arnavw,6
Artificial-Intelligence-Society-SJSU,14
asa008,123
Ashutosh-Badave,22
ashwini-AI,13
atcelen,13
austinmajor,38
Automotive-project,35
auturgy,254
avinash-chouhan,290
AVR-TEC,139
Awesome1995,12
awesomemachinelearning,385
Ballester,23
barsaiyaniith,18
bdutta19,67
BenJamesbabala,5381
bikmaeff,234
binbinmeng,257
bingyingL,446
BitJetKit,123
BOTVGKI,105
boycoot,52
brice-liu,356
btowner01,36
carlossosamorera,70
cebenestelli,1
chegejames,319
chuong98,62
Cicc1,32
CloudDanielWang,16
cmsebast,17
cmteric,26
codeaudit,5834
Coderx7,407
CRYP706URU,68
dakotasanchez,16
daraliu,29
darioxz,24
dlackner,7
Dongzhou-1996,91
doodek,10
drivenimo36,44
DrKaung-Khant-Ko-Ko-Han,175
drminix,102
drone-fun,20
Droneswat,58
duy1102002,6
edimoon777,15
ek9852,111
EmpireofKings,216
EmreAkkoc,34
eos21,303
ericyao2013,1898
esmaeilinia,456
ezhangle,5175
fabio-maverick,18
fangyanshen,10
fanjumin,11
feracero,14
firasjlassi,20
ForkedRepositories,60
freaad,87
Freedom2020,10
frozeneyefree,1
RoseWillow,4
ganwy2017,153
gaopeng91,73
geshuro,205
GGorospe,15
Global19,9924
Global19-atlassian-net,9891
goldenminerlmg,341
greenfigo2015,149
greenpizza1203,41
guppykang,46
HaitaoLeo,289
handsomeboy,444
Heavy02011,116
hejunbok,476
hezudao23,34
hildebrandt-carl,40
hixio-mh,6047
HMAung-Alexander,30
HumorLogic,177
hyeonhoshin,61
hz658832,51
imanzabet,37
infinityhacks,555
IngaVS,6
Irikefe41,21
isennkubilay,110
Jackyhh,125
jae-hyeong-hwang,33
jairis,3
jayagupta678,97
JessePrime,1
jetson-tx2,35
jiangxiaojiang,6
jiaquan301,107
JiweiTian,349
joebradly,182
jonnohuang,81
jorasdf24,3
jshuadvd,607
JuChanyoung,115
Karan1914,77
Kazimbalti,345
keerthan1555,11
KeoChi,22
kew42,2
khlaifiabilel,168
kidtronnix,69
kingthu,4
ktnguyen2,17
kumarwzx,81
LanceMercado,13
langsunny,42
leehaesung,178
liaofeifan,111
likeucode,280
liu3xing3long,651
ll550,140
locussam,687
Lonai3190,6
luisgustavo015,16
luketjones99,10
lyk125,946
LZMHIT,57
Madhusankha,43
mandalkaustav,6
markneville,80
marshallalkarim,14
marvsat,15
mathew1224,3
MaximumProgrammer,119
media-library,490
mehrdad-shokri,2866
MenGuangwen-CN-0411,89
michaelchi08,249
MiiViiDynamics,14
miracleswt,195
mithundeshmukh8,32
ml-lab,4571
mohanbabi,48
moscamich,4
mozachiu,66
MrDadaGuy,44
mrnustikj,12
nakajimakou1,517
navigatingbots,58
neurale,135
nhseong7,2
nightheronry,43
nitin5,64
nokiaipad,11
norcaluav,29
nsmoly,2
nuaalht,87
o-reo,33
odiezapha,24
Oleksandr82,65
originholic,26
ovision,21
paranoidai,5
parthiv-krishna,31
pdctuser,4
pderichai,30
peasant98,56
pedro1713,24
pesouza,106
peterwatsonnm,7
phildo59,3
PhiseLeung,2
Prasanna-icefire,25
qicny,471
quanqhow,228
rajat2004,44
rajeshroy402,86
reyhankim,87
richardbgreene,40
Ritesh1991,450
rk080299,25
robot-drone-iot,38
robotlabvn,51
root1369,32
Rootopia,28
Rophier,5
rosyapril,124
rua0,28
ryanblakeney,6
saadmahboob,1450
sagardalai,8
samuel-ogbonnaya,7
saumitrabg,5
savath,7
Sawtoothz,29
self-driving,21
selfdriving-fun,48
sfrias,1243
shayne2018,77
shbaydadaev,102
shhuachuan,4
shmm91,125
SohailDyni,8
songjunjian,113
sraone-96,16
stillkit,76
stjordanis,25035
stopcontrol,107
stpaul2coderdojo,37
CoderDojo-StPaul2,7
sumedhreddy90,151
sungwook87,63
sunyi199374,16
surfswift213us,270
sycomix,1898
TechBOiz,10
theja2289,63
tichoi,25
TonyMou,87
Toradex-Apalis-TK1-AndroidTV,55
toreal,128
tqltech,46
TritonSailor,112
haquebd,85
HichemMokni,1
jrserrano,48
pranavn248,17
tvanh512,83
ubaidsayyed54,377
upshang,20
USTCPCS,90
utkugulgec,3
uuaix,52
vipulraikar,41
vxgu86,144
waldow90,769
weihli,125
wheel-me,2
williamd4112,342
won6402,9
wpfhtl,1075
wsblues,17
Wuxinxiaoshifu,188
xht2005,25
xiaohedu,201
XinghuiTao,68
xjwxjw,125
XQUBITS,52
xuqy1981,184
yalcindemir,17
YangZhengShi,649
yirameon,33
youmo110,52
YuFengUofR,13
yunkyusung,19
yxftju,124
zenetio,143
zhangnage123,75
ZHICHENG12,31
zLeewack,18
zmwebdev,74
zoeyusegithub,10
zooeyday,72
charinath,97
charithmadhuranga,1698
exocode,110
fossabot,19637
gitter-badger,38287
keyguru,5
marceluphd,1496
sascha78,12
aglne,133
AhmedYousseff,13
andy521,2717
BossDing,1228
emhutchins,2
feiman,594
fffmysmbkn,70
fvogler,27
jarekratajski,110
mirage22,81
ohalushchak,4
orb1t,1071
reinhapa,86
syzer,583
ww3456,5
yishionq,90
30-reactions,3319
andrkonin,5
andropovpov,2
andyli9449,7
anjgola,24
facchinm,163
ankit-derq,28
arjangupta,132
ashwiniverma,77
atanubanik,2
AWSSteveHa,4
bobwatso-aws,17
Braingrid,3
bswhite1,13
certabitmh,2
chamber-wang,2
CreepyMonkey,2
delsmth,5
DensityCo,107
ducvietmta,32
eagi223,19
efcantillo72,27
EkkoSense,5
etcyl,15
Fischiii,4
ghaddam,8
ghaddarg,8
gkvas,32
GoJie,22
HEIDIES,23
hemanthkodandarama,553
hunter-packages,353
cpp-pm,430
hunter-packages-archive,353
skyformat99,10037
husainmanasa,22
Hutchpro1,17
hyandell,274
hystking,102
ianridge,3
iot-bench,5
ivan-belyakov-bnetworks,1
jie-meng,41
jkgibson,9
jon-scully,1
joncode,81
jtnyap,1
kennywakeland,15
kmiller15211,4
kzhang1981,5
lalittech,96
larsonmpdx,15
lolsborn,63
leboisdesbruyere,74
longntv,46
lopeztech,8
lukipedio,83
m-kiso,5
ManjunathaN,18
mdvazeer,4
minghuadev,189
muskanmahajan486,2326
mzanetti,40
nkowdley,42
noda-sin,133
nuodong,53
pablodvila,5
pfried,39
poojasgupta,22
primeyo2004,15
QPC-database,1940
rapmue,15
ravisjce,3
rbhovi,26
rdewein-letsdev,1
RianFuro,25
sanjayrd,4
sepehr89,11
sevencheng798,70
shashankkarkare,4
shekharhimanshu,12
shiftreg,5
Soros1223,77
test-mass-forker-org-1,4038
thunderbirds66,2
tiger-yu99,39
timbz,22
tolysz,297
TomaEduard,107
trahman-khan,1
triple-it,48
trmeade,2
trungkstn,157
TwistedTwigleg,19
ursfassler,36
vikingwyf,5
WilliamWeiWei,13
wjp1975,180
xcheng-here,6
xiaowenwei,1
ygalblum,44
yixiangding,22
YuechuanLi,231
3Gen-ITDev,30
877325778,127
abrahamrkj,54
acklenx,61
ademkarhal,23
adolfoeliazat,1899
aecostilla,15
ajesse11x,649
alantangdong,182
albertoSoto,156
albertvo15,74
alex-prod,13
alexwang2013,50
allums,52
alvarlaigna,1475
aminembarki,342
amshb001,118
andrew,309
si-mikey,112
anhhai986,395
anmolonruby,358
anwar-hegazy,656
arduino-spain,7
ariesw,778
arunpupp,7
asawq2006,192
ashengwang,358
AshWilliams,576
Asian-Technology-Hub,20
athiwatp,3204
ats-hq,20
AVert,352
aydev,88
b3rday,260
bedeedidiong,169
beetaa,366
bendi,39
BitcoinKinetics,45
bitsparq,11
Blun7,574
boltboxapp,74
bosunolanrewaju,53
botmayank,41
bouyagas,282
box3x4,11
bradparks,5458
BrandTurner,314
caibojian,37
CarlosJordanDev,2993
CedarLogicBot,4
chanakaDe,131
chaohaiding,60
chengjingfeng,2080
chenyuan8059,1073
chernoub,1
Chiur,81
chrisbodhi,132
couturecraigj,131
Crude2016,35
cybernetics,6589
cyysu,769
daci6920,96
danhklein,91
daniellmb,55
daoyuan14,302
davgit,3013
dcubasoy,69
ddm,176
demingsu,27
denisamselem,16
derrell,72
doc-ebooks,29
ItVen,97
dokepon2,19
dr-data,939
dslcorpo,4
edinsoncs,258
mriveros,160
ekalaya,147
ElsaLyu,1
Erbolking,178
EricCat,125
EricTop3,1061
ezeq-10,12
ezeq10,20
fa137,17
FalkoJoseph,32
fastfly-dev,2
fearlessliving,79
femotizo,672
fengweijp,2731
fhernandez173,212
fhferreira,1686
Fikeis,8
FinchYang,516
fishingbit,69
foolsh,176
fusky,393
futurianh1k,33
gajendranmori,8
gallingern,32
gatito-labs,81
gdseller,584
GeekSivan,260
gfoxiii,217
gicho,202
gildardoperez,500
gkmbinh,138
GokcerBelgusen,372
goncaloluis89,102
gonzalogcontacto,55
gorhgorh,128
Gozhack,195
gpsbird,2516
greggS,12
Guerra0514,116
gui2laume,3
gvc0461082002,680
halley-eng,26
Hariharasudhan12,11
hhy5277,21746
hitesh97,1280
hngynjy,293
hollobit,74
hominator,15
hongkheng,52
honsys,102
hotoracle,33
hr878387423,6
huangzhaorongit,444
IchsanKamil,48
idkwim,3232
idoo,102
imclab,16118
indu127pal,59
ingmiguelyepezcivil,112
inno-v,768
IntenselyMichell,15
is00hcw,3822
isuman,27
iuzhao,33
iv123,31
iyogeshjoshi,191
jameerltkr,28
javascript-indonesias,258
JavaScriptIOT,96
JeromeBouvard,15
jgabriellima,961
Jie75,16
jj-matos,23
jlertle,828
Joel-Nickson,111
joeromero,277
johan--,1648
JohnnyMa,454
jonathanmarvens,430
JrPribs,51
juliancheal,305
junteudjio,218
K-NodeJS,7
kant,4043
keithfiore,35
kelly-keating,90
KinSai1975,9
kirahan,155
kjavier,95
krsreenatha,392
kstarsinic,65
ksteve,16
kuailingmin,267
kuangyunsheng,153
lamproae,813
lcsouzamenezes,4217
leauge7,9
leismile,492
leogif,166
lgg-smart-house,73
LGTMCU,107
lizhizhou,111
lokcito,89
lorenwest,26
lpf123lpf,26
LTHODAVDOPL,284
Lujaw,410
lvjh,224
lxq2537664558,1704
m2creger,84
mahtab-haider88,30
manhcuongkd,23
maniacs-js,295
manielli,120
MarceloTomaz,4
markandrewj,830
marko-ciric,31
MarxGonzalez,224
MaschzhApps,33
maswewe,96
Rudianasaja,82
mejustme,178
melanyss,422
melihs,89
mesutcan,266
Michael-Antczak,82
Milstein,728
minhchuduc,75
misel228,68
MitchellTesla,468
mithublue,189
mmarum-sugarcrm,21
moayyaed,2556
MohsenKasiri,22
mooosu-iot,4
mortenf,32
mrquincle,175
mrsaeeddev,202
msGenDev,491
msudak,259
Muflhi01,420
ndiagamactarfall,97
Neverland,220
newkaka,20
newsky,551
ngwechi,157
nikkkkhil,128
niltonfelipe,198
nolrinale,69
nvdnkpr,4342
octoblu,1163
Meshnu,830
relayslink,13
olmstead,24
openokay,318
openube,1833
pandoraui,121
panickervinod,751
patmandenver,12
paulwooddesign,85
pdehaan,1534
pkdevboxy,2682
PostPCEra,526
prabindh,287
praneybehl,834
pushp360,2082
pythoner2019,132
pyway,154
qiuba2008,251
Qutuijian,197
ragnarsupertramp,36
rahul2224,24
rajrauther,2
rakesh-mohanta,1348
RamChandraTeja,39
rana1998,23
raymondSeger,1435
razvann,40
redgang,416
review---,194
rewatt,18
rezaprimasatya,340
rickyall,130
ringzhz,20
rishi-7861,174
Ro9ueAdmin,5093
roadlabs,428
robertbarron,37
rocio,26
roger-zhao,84
rohitsachan,69
rounakraj,35
RRiOSDev,45
RucketZreo,31
Rworld-Ravi,322
SamFun,34
sanyaade-robotic,139
sd031,456
sdabic,198
Sdaewa,51
sergiu-gordienco,117
seuzht,362
sfielder,43
shakir-abdo,279
shangma,710
shubham14121412,6
shucommon,46
silavsale,277
silvioclipper,205
smhdes,19
SnappyDroid,15
socjs,53
sovr610,251
ssiagu,295
stevekeol,432
strogo,6406
Sultan91,43
tazjel,1157
tejasrsuthar,126
tennessine,996
TeslaHan,89
thalesfsp,399
TheArchiver,511
Tim-MCC,137
tk120404,189
toby1991,564
tom-mats,70
tpz22rc,101
trenchmortar,625
trfiladelfo,763
trigop,25
Uili-Simteau,50
ultimaglow,2
utsingh,89
Variest,6
verydog,114
vibhorkhurana,52
vlmlee,109
Wandalen,337
wangminrui2022,98
wantongtang,526
weber4,4
weimingtom,3387
whypool,49
williamcspace,170
wiplug,362
wissending,66
witkeyshare,73
WittyPlex,139
wuu19,148
www3838438,1603
xfei6868,58
xiuyetang,201
xuegoo,415
YanLinAung,517
yashilanka,1745
yilab,648
yonichanowitz,337
younes-elansari,69
youprofit,867
ZamBoyle,54
zankavrogin,18
ZerroCool,58
zhangxuewen123,73
zhyzhy782,159
