username,public_repos
julian533,16
chanyeol525,16
counterfeel,16
ahestevenz,16
CactusWang,16
e1b16077,16
glendaleonard,16
Ich-bin-Schnappi,16
jacka654321,16
shannonrobot,16
txracing,16
wangyingyu1969,16
whplh,16
yanglipeng,16
ShreyAmbesh,16
CloudDanielWang,16
dakotasanchez,16
luisgustavo015,16
sraone-96,16
sunyi199374,16
denisamselem,16
Jie75,16
ksteve,16
adamhos,17
Metabob-Axel-Py,17
akilawickramasinghe,17
beemsoft,17
MCRIE,17
MetrixLambert,17
Must-ah,17
neoengineer,17
pmgumble,17
robottime,17
sam1226,17
vbrichzin,17
cmsebast,17
ktnguyen2,17
pranavn248,17
wsblues,17
yalcindemir,17
bobwatso-aws,17
Hutchpro1,17
fa137,17
hamkewl,18
deskLEE,18
huchunxu,18
jarvisenlaura,18
lamapacos,18
ling3ye,18
samsafadi,18
xiaolai181,18
Yango4you,18
abhishekjay,18
barsaiyaniith,18
fabio-maverick,18
zLeewack,18
ManjunathaN,18
rewatt,18
zankavrogin,18
scamanderoffl,19
aldenpower,19
cryzhou,19
isaackay,19
jimoyam,19
joker-wutong,19
kyllix,19
MDkontroller,19
mkleung-dev,19
venki666,19
XDUxuyuting,19
yunkyusung,19
eagi223,19
TwistedTwigleg,19
dokepon2,19
smhdes,19
abuelgasimsaadeldin,20
ajay7175,20
ashu1447,20
biskumar,20
brianlmerritt,20
carmen-sc,20
Cognitive-Modeller,20
cozzy133,20
fanxingrong,20
fu11ji26,20
jiaoly,20
LABIRAS,20
liamhan0905,20
oreineke,20
ScottMonaghan,20
YulinLi,20
drone-fun,20
firasjlassi,20
upshang,20
Asian-Technology-Hub,20
ats-hq,20
ezeq10,20
newkaka,20
ringzhz,20
xsec-team,21
abritten,21
Andy-LZH,21
Av-nish,21
DeepNeuralAI,21
dingli125,21
i-sahajmistry,21
kjdnl,21
me12b132,21
NUELuno,21
trifygri,21
mtbsteve,21
Irikefe41,21
ovision,21
self-driving,21
mmarum-sugarcrm,21
msobreira27,22
brianchilders,22
chaiai,22
FelixLinSY,22
hankchan,22
jerickpmontero,22
jijaraba,22
xiaoyandong08,22
liurongfang,22
sathyankrishnan,22
senguptad,22
wrbell,22
Ashutosh-Badave,22
KeoChi,22
GoJie,22
husainmanasa,22
poojasgupta,22
timbz,22
yixiangding,22
MohsenKasiri,22
derekchsantos,23
DingoOz,23
Du-Sen-Lin,23
flashypepo,23
icesleeping,23
JackHanUTSA,23
JCStarry,23
Leonard-cpu,23
Newbie-Tom,23
Ballester,23
HEIDIES,23
ademkarhal,23
jj-matos,23
manhcuongkd,23
rana1998,23
jingcosmos,24
a850874651,24
avbdev,24
BhaskarTrivedi,24
greenfan,24
gringer44,24
journey175,24
kfriendship,24
lohitslohit,24
lukewebdev,24
Mental812,24
shashanks1197,24
tokk-nv,24
wjyao,24
darioxz,24
odiezapha,24
pedro1713,24
anjgola,24
olmstead,24
rahul2224,24
yonichens,25
barcesat,25
dude123studios,25
narendraraj,25
owahlen,25
pyaekyaw1571999,25
RobotMo,25
Rou-Yi,25
slylockfox,25
versavel,25
Prasanna-icefire,25
rk080299,25
tichoi,25
xht2005,25
RianFuro,25
trigop,25
channelvison,26
alessiomargan,26
cookie-gky,26
haiyang-20160824,26
martinshuck,26
Rayn-Wu,26
storagejarett,26
YaoHuangHowdy,26
hsy77101,26
cmteric,26
originholic,26
rbhovi,26
halley-eng,26
lorenwest,26
lpf123lpf,26
rocio,26
fukuta-tatsuya-intec,27
aboerzel,27
bheemaiaha,27
BlackBloodE,27
cagriy,27
danielwilczak101,27
FernandoALima,27
JayCao7788,27
JEONGHA-SHIN,27
pvbl,27
Suhuihui,27
xiyaoxin,27
yuvan257,27
zhiwei2021,27
fvogler,27
efcantillo72,27
demingsu,27
isuman,27
ruabliuqiu,28
alanyuchenhou,28
alextien,28
cloudanalytics,28
ebuehrle,28
geoc1234,28
JimmyKon,28
krazers,28
kt-zhang,28
philippsaul,28
guoxinSLXC,28
Rootopia,28
rua0,28
ankit-derq,28
jameerltkr,28
cavonlee,29
droidiyann,29
pango3001,29
pongrut,29
YuanhuiHuang,29
daraliu,29
norcaluav,29
Sawtoothz,29
doc-ebooks,29
amostfa,30
CullenDolan,30
VijayRameshkumar,30
he-in,30
animanathome,30
HMAung-Alexander,30
pderichai,30
3Gen-ITDev,30
mahtab-haider88,30
MagicalSun,31
aishraghavan,31
april-feichen,31
haoyuzhang89,31
HorusMaster,31
lengkujiaai,31
Mutsuto6210,31
zsfarkas,31
zhang123helmut,31
parthiv-krishna,31
ZHICHENG12,31
iv123,31
marko-ciric,31
RucketZreo,31
JanetSe,32
richiejeremiah,32
liyansong2018,32
asabri97,32
ayazhassan,32
duozhang,32
hx1520778196,32
LonelySqrt,32
WayneMao,32
yuhouren,32
Cicc1,32
mithundeshmukh8,32
root1369,32
ducvietmta,32
gkvas,32
FalkoJoseph,32
gallingern,32
mortenf,32
ClassNotDefined,33
dashimaki360,33
lift-zpz,33
millionwan,33
oldfish007,33
XuLei0314,33
yyajima21,33
jae-hyeong-hwang,33
o-reo,33
yirameon,33
futurianh1k,33
hotoracle,33
iuzhao,33
MaschzhApps,33
achew012,34
Andychou007,34
banisadr,34
haomen,34
jxnuzhangwen,34
bradwhitenikki,34
EmreAkkoc,34
hezudao23,34
SamFun,34
EnesiMe,35
jhezjkp,35
jspearus,35
MarcoVasquezE,35
SamedHira626,35
Automotive-project,35
jetson-tx2,35
Crude2016,35
keithfiore,35
rounakraj,35
cqcqwind,36
ducat595,36
jokobaba,36
vstoneofficial,36
yuyangd,36
yyget,36
btowner01,36
ursfassler,36
ragnarsupertramp,36
kevywilly,37
speed785,37
Tony0823,37
imanzabet,37
stpaul2coderdojo,37
caibojian,37
robertbarron,37
logicraju,38
pdx97,38
s013mmb,38
15906185391,38
gsiogkas,38
shuren007,38
austinmajor,38
robot-drone-iot,38
wenjoyu,39
Captluke2328,39
liwi163,39
minai2020,39
skalldri,39
sunday-chenlu,39
taisirou,39
pfried,39
tiger-yu99,39
bendi,39
RamChandraTeja,39
naisy,40
lupixi,40
nickzherdev,40
TheMrGhostman,40
xiangzheng666,40
hildebrandt-carl,40
richardbgreene,40
mzanetti,40
razvann,40
ph0eby,41
afondiel,41
MrYangzhi,41
r1b4z01d,41
tabinfl,41
watershade,41
HLX-GitHub,41
openbsod,41
yadukrishnanaj,41
greenpizza1203,41
vipulraikar,41
jie-meng,41
botmayank,41
basameera,42
karstenkelm,42
ShinoharaTa,42
solid013,42
splendidsummer,42
THUrachel,42
zhangtao7750,42
langsunny,42
nkowdley,42
blensonpaul,43
chitoku,43
jhonsmithy,43
thesammiller,43
deepaktalwardt,43
teos0009,43
yaohuic,43
AnkurAgarwal1989,43
KirillSleta,43
pramodsandaruwan,43
Madhusankha,43
nightheronry,43
sfielder,43
Sultan91,43
Elives123,44
fieraloca,44
lukaszwielgosz,44
thenextsupersun,44
muhammadfraz,44
drivenimo36,44
MrDadaGuy,44
rajat2004,44
ygalblum,44
cadavidf,45
katebrighteyes,45
jpiat,45
prakit340,45
suddulavenkatanaresh,45
ugurcira,45
artint7,45
BitcoinKinetics,45
RRiOSDev,45
bblwg2020,46
n3m351d4,46
LvFaith,46
michaleb,46
ryanxie20091101,46
ZuyongWu,46
guppykang,46
tqltech,46
longntv,46
shucommon,46
chriszhang528,47
jonslo,47
mlaprise,47
rhysdg,47
ricktorzynski,47
sprenkle,47
sibafb,48
DhilipBinny,48
finemax,48
song-df,48
wangpuhk1,48
mohanbabi,48
selfdriving-fun,48
jrserrano,48
triple-it,48
IchsanKamil,48
barcating,49
csvance,49
Fe1ky,49
jdgalviss,49
lbmcu,49
Siddhartha-Addictive,49
theoilie,49
whypool,49
todaysky1234,50
ShammiAnand,50
zhounature,50
alexwang2013,50
Uili-Simteau,50
PacificHongyang,51
Alexious-sh,51
xufangda,51
hz658832,51
robotlabvn,51
JrPribs,51
Sdaewa,51
zs410612607,52
77clearlove,52
boycoot,52
uuaix,52
XQUBITS,52
youmo110,52
allums,52
hongkheng,52
vibhorkhurana,52
wpf19911118,53
poseidontrident,53
cansakirt,53
cavedunissin,53
donwardpeng,53
LianQi-Kevin,53
Wisit,53
nuodong,53
bosunolanrewaju,53
socjs,53
horacezh,54
BigtreeHsieh,54
dongf17,54
JenniferKuo,54
KerronManwaring,54
zlheos,54
abrahamrkj,54
ZamBoyle,54
GaryHalo,55
avi33tbtt,55
hirotaka001,55
Toradex-Apalis-TK1-AndroidTV,55
daniellmb,55
gonzalogcontacto,55
AdityaStark7,56
c-FirstSecond-sharp,56
sibnick,56
peasant98,56
fallrisk,57
LZMHIT,57
Techspire,58
huoyo,58
neaueema,58
ownery,58
syou2020,58
Droneswat,58
navigatingbots,58
xfei6868,58
ZerroCool,58
leewenqing,59
skarlsson,59
yarhoslavme,59
yildiraysabanci,59
indu127pal,59
fmannan,60
ForkedRepositories,60
chaohaiding,60
spatial-intelligence,61
jarv-git,61
sunkima,61
hannaleeweb,61
klsdjft,61
varunkothamachu,61
waveshare,61
akonneker,61
hyeonhoshin,61
acklenx,61
CSTEZCAN,62
dbadb,62
dennisliuu,62
frank26080115,62
kitoborcom,62
Ledx,62
watcharabulsak,62
chuong98,62
bezineb5,63
GangShao,63
gizmohd,63
sai-prasanna,63
sriharshakondapalli,63
sungwook87,63
theja2289,63
lolsborn,63
liwei-cn,64
z14git,64
nitin5,64
andrewcheny,65
gilblankenship,65
takasehideki,65
IamKosta,65
Jackis007,65
Alpslee,65
Oleksandr82,65
kstarsinic,65
gezhengyy66,66
HaooWang,66
lhbzx1984,66
TheCaster,66
wangyf123,66
ArduPilot,66
mozachiu,66
wissending,66
HowellYu,67
knbz,67
rockets-cn,67
soerenbrockmann,67
xlrobotics,67
Gaurav047,67
bdutta19,67
heistera,68
villesau,68
CRYP706URU,68
XinghuiTao,68
misel228,68
satyendra22,69
kidtronnix,69
dcubasoy,69
fishingbit,69
nolrinale,69
rohitsachan,69
younes-elansari,69
peiswang,70
wharu,70
YousefMohassab,70
carlossosamorera,70
fffmysmbkn,70
sevencheng798,70
tom-mats,70
qweraqq,71
andyle0302,71
jlboyer,71
zooeyday,72
derrell,72
bromic007,73
retired123,73
gaopeng91,73
lgg-smart-house,73
witkeyshare,73
zhangxuewen123,73
davidbien,74
jaybdub,74
swastik1308,74
wanglanrixitroy,74
chywoo,74
junereo,74
zmwebdev,74
leboisdesbruyere,74
albertvo15,74
boltboxapp,74
hollobit,74
Daniel-1234567,75
rivascf,75
zhangnage123,75
minhchuduc,75
aziizz,76
davidadkins1,76
jhmwalters,76
Prakhar998,76
shengchun,76
alongqiyue,76
stillkit,76
makezonefablab,77
silentwater,77
Karan1914,77
shayne2018,77
ashwiniverma,77
Soros1223,77
GavinGaogao,78
kzt206,78
vuinguyen911,78
sangyuxiaowu,78
4n0nym1ty,78
ishaadX,79
RubinLiao,79
pingzhenyu,79
fearlessliving,79
AwokeKnowing,80
onexecute,80
markneville,80
bedevilled00-tek,81
faculty12000,81
dsrc12,81
freedragon,81
PhilGlobal,81
tanzhiqiang89,81
jonnohuang,81
kumarwzx,81
mirage22,81
joncode,81
Chiur,81
gatito-labs,81
hikkikuma,82
iamyubin,82
dtoebe,82
wshusheng,82
Rudianasaja,82
Michael-Antczak,82
cybermascot,83
kk2491,83
MichaelNewham,83
phineco,83
tvanh512,83
lukipedio,83
puttareddy,84
yifenghuang,84
uav360,84
m2creger,84
roger-zhao,84
EugenePig,85
masato-ka,85
alex4men,85
Haobot,85
haquebd,85
paulwooddesign,85
jerwallace,86
TebogoNakampe,86
rajeshroy402,86
reinhapa,86
jinshengye-git,87
lmirel,87
freaad,87
nuaalht,87
reyhankim,87
TonyMou,87
majedrifat,88
salecharohit,88
ErickDiaz,88
zhilin0,88
aydev,88
Emmanuel-Ezenwere,89
473867143,89
MenGuangwen-CN-0411,89
lokcito,89
melihs,89
TeslaHan,89
utsingh,89
anil-kk,90
OwenLNUT,90
pink0763,90
seemehowmuchiloveyou,90
zshxie,90
ucrscholar,90
USTCPCS,90
yishionq,90
kelly-keating,90
carteras,91
gogo000,91
thecoderxman,91
Dongzhou-1996,91
danhklein,91
AdamMiltonBarker,92
avatar196kc,92
mbah360,92
numinousmuses,92
mhar-vell,93
thatting,93
viotemp1,93
SunBiffin,94
fyzfx,95
kjavier,95
lalittech,96
daci6920,96
JavaScriptIOT,96
maswewe,96
ismail-30,97
jayagupta678,97
charinath,97
ItVen,97
ndiagamactarfall,97
danielsiwiec,98
Waratep,98
anitagold,98
wangminrui2022,98
bejerome,99
bitjockey42,99
msaunby,100
Yarpii,100
apple1987,101
cagataysari,101
george-hawkins,101
Haiyang21,101
zhangwudisong,101
tpz22rc,101
EricRohlfs,102
igakilab,102
olzhas,102
drminix,102
shbaydadaev,102
hystking,102
goncaloluis89,102
honsys,102
idoo,102
panda1100,103
DCCTT,104
DreamForTek,105
anoopyear2020,105
Duy254,105
jogiji,105
miguelangelcasanova,105
BOTVGKI,105
carabob,106
inderpreet-forks,106
kaiyuryozin,106
pesouza,106
lvyeshufang,107
maohaihua,107
jiaquan301,107
stopcontrol,107
DensityCo,107
TomaEduard,107
LGTMCU,107
cloud-robotics,109
vlmlee,109
LordCasser,110
dinngoman,110
SnowMasaya,110
isennkubilay,110
exocode,110
jarekratajski,110
Aslm,111
AVJdataminer,111
bartes1973,111
heyhey482,111
Jinny42,111
ek9852,111
liaofeifan,111
Joel-Nickson,111
lizhizhou,111
TritonSailor,112
si-mikey,112
ingmiguelyepezcivil,112
AXING620,113
keep-steady,113
mkingopng,113
woodymax,113
Aiden-Wei,113
songjunjian,113
liumarcus70s,114
andrewraharjo,114
verydog,114
JuChanyoung,115
jmikedupont2,116
Heavy02011,116
Guerra0514,116
trevorrobertsjr,117
mtubpeng1,117
gskachkov,117
sergiu-gordienco,117
jsabby,118
readcast,118
amshb001,118
fjp,119
MaximumProgrammer,119
manielli,120
qinchao1985,121
pandoraui,121
casimirrex,122
2mauis,122
objectbuild,122
ljh9248,123
asa008,123
BitJetKit,123
aayn,124
rosyapril,124
yxftju,124
grandeep,125
HasanFarag,125
PhoenixTreeember,125
Jackyhh,125
shmm91,125
weihli,125
xjwxjw,125
EricCat,125
stevengit,126
tejasrsuthar,126
AnbuKumar-maker,127
ZhouYunMing,127
877325778,127
robotlinker,128
toreal,128
gorhgorh,128
nikkkkhil,128
dmccreary,129
JamesKim-ai,129
hrb518,130
rickyall,130
chanakaDe,131
couturecraigj,131
r0secr01x,132
Rope-master,132
arjangupta,132
chrisbodhi,132
pythoner2019,132
aglne,133
noda-sin,133
MiaoRain,134
Rahul24-06,134
TingliangZhang,134
3Driada,135
amiremadz,135
neurale,135
mfr78,136
Quant1766,136
r1cebank,136
Tim-MCC,137
AmaljithCf,138
guochaodlnu,138
MyGitHubSite,138
savingtools,138
gkmbinh,138
GKbytes,139
AVR-TEC,139
sanyaade-robotic,139
WittyPlex,139
zhangjiwei-japan,140
arizakevin,140
ll550,140
bobby20180331,141
mpetka,141
cleardry,141
Allenhanbo,142
zenetio,143
vxgu86,144
FaBoPlatform,145
peggypan0411,145
AntHar,146
ekalaya,147
rikirolly,148
dlyshare,148
wuu19,148
greenfigo2015,149
pengguoguo,150
zhj-buffer,150
sumedhreddy90,151
ganwy2017,153
kuangyunsheng,153
wanglianglin,154
pyway,154
ChandanKSingh,155
kirahan,155
hobama,156
albertoSoto,156
trungkstn,157
ngwechi,157
silenc3502,158
ChiangFamily,158
AlexandreBarral,159
zhyzhy782,159
guanliulong,160
mriveros,160
oggata,162
kkmonster,162
liuwen-nj,162
facchinm,163
jmachuca77,166
challenzhou,166
leogif,166
khlaifiabilel,168
xyu6,169
bedeedidiong,169
williamcspace,170
hlyu368,171
m9122006,171
asked637,173
lqchien,173
2021-paper-fun,174
gangbanlau,174
rishi-7861,174
DrKaung-Khant-Ko-Ko-Han,175
mrquincle,175
ddm,176
foolsh,176
baoyufuyou,177
JoshWorld,177
nghiajenius-dev,177
andyxieyong,177
HumorLogic,177
PiseyYou,178
leehaesung,178
Erbolking,178
mejustme,178
xaviercallens,180
wjp1975,180
joebradly,182
alantangdong,182
2019-paper-fun,184
xuqy1981,184
kevinNT2018,185
igeeks,188
OldJohn86,188
Wuxinxiaoshifu,188
minghuadev,189
mithublue,189
tk120404,189
0xC4SE,190
tkhan3,190
iyogeshjoshi,191
asawq2006,192
hxlszxy,193
ddpruitt,194
review---,194
DeepDriving,195
miracleswt,195
Gozhack,195
jackcn2004,197
Qutuijian,197
niltonfelipe,198
sdabic,198
GertKanter,199
FlaviuPopescu,199
hebskjcc,199
huizhang2017,199
robertchoi,200
whmzsu,200
Jasionkit,200
xiaohedu,201
xiuyetang,201
gicho,202
mrsaeeddev,202
FENGZHANG123,203
wzhangNEU,203
borongyuan,203
crisdeodates,204
geshuro,205
silvioclipper,205
ottonove,211
fhernandez173,212
bfYSKUY,213
anishmprasad,214
EmpireofKings,216
fastref,217
01001HR,217
gfoxiii,217
BillyGareth,218
junteudjio,218
dongfo,219
Neverland,220
GaryMatthews,222
aria1991,223
finger563,223
lvjh,224
MarxGonzalez,224
sangyy,227
vineet019,228
quanqhow,228
stevelin168,230
huguensjean,231
tianhaoyue,231
YuechuanLi,231
TaiAreerob,233
bikmaeff,234
IrenTang,236
fabaff,237
FatVoodoo,237
DevSeq,239
kensipe,240
lbaitemple,240
pixel-perfect-metodology,241
KINGdotNET,242
ujjwalk,242
Poet-LiBai,243
ForeverDavid,244
syaffa,244
szaipcljl,245
rain6851,246
whans,248
michaelchi08,249
feisuo,251
qiuba2008,251
sovr610,251
philipdongfei,252
auturgy,254
binbinmeng,257
edinsoncs,258
javascript-indonesias,258
architectureofthings,259
msudak,259
b3rday,260
GeekSivan,260
assassin65170,261
chunyang-zhang,264
yfyf510,266
mesutcan,266
kuailingmin,267
joepfortunato,270
surfswift213us,270
hyandell,274
xiaoni2009,276
oxidation99,277
fivefishstudios,277
joeromero,277
silavsale,277
shakir-abdo,279
GengCauWong,280
tony109060581,280
likeucode,280
lchaves001,281
Anancha,282
unbug,282
bouyagas,282
LTHODAVDOPL,284
prabindh,287
HaitaoLeo,289
avinash-chouhan,290
Tutorgaming,292
hngynjy,293
pitipon,295
maniacs-js,295
ssiagu,295
tolysz,297
ankurhcu,302
LongerVisionRobot,302
robopsi,302
daoyuan14,302
eos21,303
juliancheal,305
henrydeng,309
andrew,309
hotpoor,313
NamWoo,313
BrandTurner,314
d-h-k,315
openokay,318
chegejames,319
Rworld-Ravi,322
Jordanresearch,326
thiwankajayasiri,328
wzb1005,328
Tiryoh,331
sec99,332
Milan-Chicago,333
Wandalen,337
yonichanowitz,337
USApp-io,340
rezaprimasatya,340
goldenminerlmg,341
williamd4112,342
aminembarki,342
Juno119,343
666DZY666,345
shdwdln,345
Kazimbalti,345
JiweiTian,349
AVert,352
land007,353
XuTangle,353
yucnet,353
hunter-packages,353
hunter-packages-archive,353
brice-liu,356
anmolonruby,358
ashengwang,358
zr940326,359
lubocsu,362
seuzht,362
wiplug,362
anoochit,364
the-code-chef,364
aakarsh,365
beetaa,366
akatrevorjay,368
ravish0007,369
superryanguo,369
GokcerBelgusen,372
aiegoo,376
ubaidsayyed54,377
Nitin-Mane,382
andudu,382
fiefdx,384
awesomemachinelearning,385
Hackinfinity,386
krsreenatha,392
Papadope-zz,393
fusky,393
anhhai986,395
thalesfsp,399
cn0xroot,401
Riviera12345,407
Coderx7,407
selfEVO,408
Lujaw,410
yqyunjie,414
xuegoo,415
Andrey-Kovinjonok,416
redgang,416
Muflhi01,420
melanyss,422
roadlabs,428
lwzbuaa,430
cpp-pm,430
jonathanmarvens,430
stevekeol,432
channgo2203,436
Herolin12,436
ldw-sh-cn,437
mailyupeng,440
ArghyaChatterjee,441
JIMMY-KSU,441
ziqi521,442
p0prxx,444
handsomeboy,444
huangzhaorongit,444
bingyingL,446
Ritesh1991,450
vamsirajendra,454
JohnnyMa,454
esmaeilinia,456
sd031,456
307509256,459
fengsiyu,464
balaprasanna,466
MitchellTesla,468
zhangfaquan,469
YutingYao,469
qicny,471
hejunbok,476
mdecourse,482
media-library,490
msGenDev,491
leismile,492
ThomasDerZweifler,498
gildardoperez,500
jxlin,502
BobAfwata,503
OhHandsome,510
ahn-github,510
TheArchiver,511
FinchYang,516
nakajimakou1,517
YanLinAung,517
GuardianRG,523
DEVESHTARASIA,524
PostPCEra,526
wantongtang,526
TsukuyomiH2,530
OSSDC,535
Embodimentgeniuslm3,548
newsky,551
JobsLj,553
hemanthkodandarama,553
infinityhacks,555
toby1991,564
jbasu2013,571
Blun7,574
AshWilliams,576
anu-bioinfo,577
b3540,578
syzer,583
kfriesth,584
gdseller,584
feiman,594
dahburj,606
piyapsri,607
jshuadvd,607
PHPPlay,610
markusbuchholz,614
neuroidss,623
trenchmortar,625
gnebbia,635
umunusb1,641
MoJoMoon,643
Stevengu999,648
yilab,648
YangZhengShi,649
ajesse11x,649
liu3xing3long,651
Amenhotep19,654
anwar-hegazy,656
femotizo,672
Amir22010,675
arukaminado,680
gvc0461082002,680
vivicoco,682
add1ct3d,685
tienhoangvan,687
locussam,687
ssghost,693
azuredsky,698
ccszwg,704
shangma,710
mcx,721
Milstein,728
XiaoqingWang,733
bochuxt,741
thisisfalcon,744
panickervinod,751
Chomolungma,757
trfiladelfo,763
Tim1512,765
inno-v,768
waldow90,769
cyysu,769
ariesw,778
rob-opsi,784
TuskAW,785
keshava,792
NLGRF,800
rayiik,811
lamproae,813
CosmosHua,828
jlertle,828
markandrewj,830
Meshnu,830
praneybehl,834
snapbuy,859
Leo-xxx,861
Flavio58it,862
bhardwajRahul,864
youprofit,867
AOE-khkhan,887
hephaex,890
Danigy,926
dr-data,939
lyk125,946
jgabriellima,961
Russ76,994
xfyecn,996
tennessine,996
slowmistio,1027
avineshwar,1058
EricTop3,1061
orb1t,1071
chenyuan8059,1073
wpfhtl,1075
enginBozkurt,1124
tazjel,1157
kuonanhong,1160
octoblu,1163
fuinha,1185
Arslan-Z,1216
BossDing,1228
ProjectZeroDays,1230
mustang2247,1231
techris45,1235
sparkfun,1240
sfrias,1243
hitesh97,1280
jermainlaforce,1284
timb-machine-mirrors,1320
rakesh-mohanta,1348
raymondSeger,1435
Jimmy-INL,1448
saadmahboob,1450
alvarlaigna,1475
fitrialif,1496
marceluphd,1496
myhololens,1505
mbencherif,1510
pdehaan,1534
www3838438,1603
korallin,1640
johan--,1648
lijian8,1665
fhferreira,1686
charithmadhuranga,1698
lxq2537664558,1704
iamsingularity,1745
yashilanka,1745
gyuseokByeon,1749
dreadlord1984,1811
openube,1833
beosro,1854
ericyao2013,1898
sycomix,1898
adolfoeliazat,1899
yueyedeai,1939
QPC-database,1940
arvind-india,1948
chengjingfeng,2080
pushp360,2082
hyzcn,2181
BobDeng1974,2193
arasharchor,2286
muskanmahajan486,2326
rajivraj,2341
batermj,2385
robertdigital,2446
tspannhw,2463
gpsbird,2516
Gh0st0ne,2538
moayyaed,2556
pkdevboxy,2682
andy521,2717
fengweijp,2731
minkione,2837
intfrr,2841
mehrdad-shokri,2866
kustomzone,2938
CarlosJordanDev,2993
davgit,3013
athiwatp,3204
idkwim,3232
30-reactions,3319
cnxtech,3382
weimingtom,3387
is00hcw,3822
test-mass-forker-org-1,4038
kant,4043
lcsouzamenezes,4217
amirunpri2018,4223
nvdnkpr,4342
Allensmile,4512
ml-lab,4571
gavz,5057
Ro9ueAdmin,5093
ezhangle,5175
BenJamesbabala,5381
bradparks,5458
sshyran,5729
codeaudit,5834
Sts0mrg0,5837
hixio-mh,6047
zeta1999,6280
strogo,6406
cybernetics,6589
cuulee,7040
classicvalues,9121
Global19-atlassian-net,9891
Global19,9924
skyformat99,10037
marciopocebon,10258
modulexcite,14917
morristech,15153
imclab,16118
fossabot,19637
hhy5277,21746
stjordanis,25035
gitter-badger,38287
isabella232,50000
5l1v3r1,50000
